sourceId,extent,sourceOriginName,boundingBox,sizeInBytes,bestFitIndex,format,downloadURL,previewGraphicURL,prettyFileSize,datasets,title,sourceOriginId,lastUpdated,dateCreated,metaUrl,sourceName,publicationDate
581d2257e4b08da350d548f4,1 x 1 degree,gda,"{minY:37.99944444444,minX:-108.0005555556,maxY:39.00055555556,maxX:-106.9994444444}",345333922,0.023035280556840135,IMG,https://prd-tnm.s3.amazonaws.com/StagedProducts/Elevation/13/IMG/n39w108.zip,https://prd-tnm.s3.amazonaws.com/StagedProducts/Elevation/13/IMG/imgn39w108_13_thumb.jpg,329.34 MB,"[National Elevation Dataset (NED) 1/3 arc-second,National Elevation Dataset (NED)]",USGS NED n39w108 1/3 arc-second 2013 1 x 1 degree IMG,6013648,2017-01-27,2016-11-04,https://www.sciencebase.gov/catalog/item/581d2257e4b08da350d548f4,ScienceBase,2013-01-01
581d2247e4b08da350d54750,1 x 1 degree,gda,"{minY:36.99944444444,minX:-105.0005555556,maxY:38.00055555556,maxX:-103.9994444444}",324744723,0.023035280556840135,IMG,https://prd-tnm.s3.amazonaws.com/StagedProducts/Elevation/13/IMG/n38w105.zip,https://prd-tnm.s3.amazonaws.com/StagedProducts/Elevation/13/IMG/imgn38w105_13_thumb.jpg,309.70 MB,"[National Elevation Dataset (NED) 1/3 arc-second,National Elevation Dataset (NED)]",USGS NED n38w105 1/3 arc-second 2013 1 x 1 degree IMG,6013595,2017-01-27,2016-11-04,https://www.sciencebase.gov/catalog/item/581d2247e4b08da350d54750,ScienceBase,2013-01-01
581d225de4b08da350d549a4,1 x 1 degree,gda,"{minY:38.99944444444,minX:-104.0005555556,maxY:40.00055555556,maxX:-102.9994444444}",307590210,0.023035280556840135,IMG,https://prd-tnm.s3.amazonaws.com/StagedProducts/Elevation/13/IMG/n40w104.zip,https://prd-tnm.s3.amazonaws.com/StagedProducts/Elevation/13/IMG/imgn40w104_13_thumb.jpg,293.34 MB,"[National Elevation Dataset (NED) 1/3 arc-second,National Elevation Dataset (NED)]",USGS NED n40w104 1/3 arc-second 2013 1 x 1 degree IMG,6013694,2017-01-27,2016-11-04,https://www.sciencebase.gov/catalog/item/581d225de4b08da350d549a4,ScienceBase,2013-01-01
581d2247e4b08da350d54748,1 x 1 degree,gda,"{minY:36.99944444444,minX:-104.0005555556,maxY:38.00055555556,maxX:-102.9994444444}",316470012,0.023035280556840135,IMG,https://prd-tnm.s3.amazonaws.com/StagedProducts/Elevation/13/IMG/n38w104.zip,https://prd-tnm.s3.amazonaws.com/StagedProducts/Elevation/13/IMG/imgn38w104_13_thumb.jpg,301.81 MB,"[National Elevation Dataset (NED) 1/3 arc-second,National Elevation Dataset (NED)]",USGS NED n38w104 1/3 arc-second 2013 1 x 1 degree IMG,6013594,2017-01-27,2016-11-04,https://www.sciencebase.gov/catalog/item/581d2247e4b08da350d54748,ScienceBase,2013-01-01
581d224fe4b08da350d54832,1 x 1 degree,gda,"{minY:37.99944444444,minX:-104.0005555556,maxY:39.00055555556,maxX:-102.9994444444}",288984279,0.023035280556840135,IMG,https://prd-tnm.s3.amazonaws.com/StagedProducts/Elevation/13/IMG/n39w104.zip,https://prd-tnm.s3.amazonaws.com/StagedProducts/Elevation/13/IMG/imgn39w104_13_thumb.jpg,275.60 MB,"[National Elevation Dataset (NED) 1/3 arc-second,National Elevation Dataset (NED)]",USGS NED n39w104 1/3 arc-second 2013 1 x 1 degree IMG,6013644,2017-01-27,2016-11-04,https://www.sciencebase.gov/catalog/item/581d224fe4b08da350d54832,ScienceBase,2013-01-01
581d2256e4b08da350d548ea,1 x 1 degree,gda,"{minY:37.99944444444,minX:-106.0005555556,maxY:39.00055555556,maxX:-104.9994444445}",338123325,0.023035280554539125,IMG,https://prd-tnm.s3.amazonaws.com/StagedProducts/Elevation/13/IMG/n39w106.zip,https://prd-tnm.s3.amazonaws.com/StagedProducts/Elevation/13/IMG/imgn39w106_13_thumb.jpg,322.46 MB,"[National Elevation Dataset (NED) 1/3 arc-second,National Elevation Dataset (NED)]",USGS NED n39w106 1/3 arc-second 2013 1 x 1 degree IMG,6013646,2017-01-27,2016-11-04,https://www.sciencebase.gov/catalog/item/581d2256e4b08da350d548ea,ScienceBase,2013-01-01
581d226ce4b08da350d54b7d,1 x 1 degree,gda,"{minY:39.99944444444,minX:-109.0005555556,maxY:41.00055555556,maxX:-107.9994444445}",341252076,0.023035280554539125,IMG,https://prd-tnm.s3.amazonaws.com/StagedProducts/Elevation/13/IMG/n41w109.zip,https://prd-tnm.s3.amazonaws.com/StagedProducts/Elevation/13/IMG/imgn41w109_13_thumb.jpg,325.44 MB,"[National Elevation Dataset (NED) 1/3 arc-second,National Elevation Dataset (NED)]",USGS NED n41w109 1/3 arc-second 2013 1 x 1 degree IMG,6013752,2017-01-27,2016-11-04,https://www.sciencebase.gov/catalog/item/581d226ce4b08da350d54b7d,ScienceBase,2013-01-01
581d2250e4b08da350d54838,1 x 1 degree,gda,"{minY:37.99944444444,minX:-105.0005555556,maxY:39.00055555556,maxX:-103.9994444445}",312026889,0.023035280554539125,IMG,https://prd-tnm.s3.amazonaws.com/StagedProducts/Elevation/13/IMG/n39w105.zip,https://prd-tnm.s3.amazonaws.com/StagedProducts/Elevation/13/IMG/imgn39w105_13_thumb.jpg,297.57 MB,"[National Elevation Dataset (NED) 1/3 arc-second,National Elevation Dataset (NED)]",USGS NED n39w105 1/3 arc-second 2013 1 x 1 degree IMG,6013645,2017-01-27,2016-11-04,https://www.sciencebase.gov/catalog/item/581d2250e4b08da350d54838,ScienceBase,2013-01-01
581d2247e4b08da350d54759,1 x 1 degree,gda,"{minY:36.99944444444,minX:-106.0005555556,maxY:38.00055555556,maxX:-104.9994444445}",310255931,0.023035280554539125,IMG,https://prd-tnm.s3.amazonaws.com/StagedProducts/Elevation/13/IMG/n38w106.zip,https://prd-tnm.s3.amazonaws.com/StagedProducts/Elevation/13/IMG/imgn38w106_13_thumb.jpg,295.88 MB,"[National Elevation Dataset (NED) 1/3 arc-second,National Elevation Dataset (NED)]",USGS NED n38w106 1/3 arc-second 2013 1 x 1 degree IMG,6013596,2017-01-27,2016-11-04,https://www.sciencebase.gov/catalog/item/581d2247e4b08da350d54759,ScienceBase,2013-01-01
581d226ce4b08da350d54b71,1 x 1 degree,gda,"{minY:39.99944444444,minX:-107.0005555556,maxY:41.00055555556,maxX:-105.9994444445}",330640641,0.023035280554539125,IMG,https://prd-tnm.s3.amazonaws.com/StagedProducts/Elevation/13/IMG/n41w107.zip,https://prd-tnm.s3.amazonaws.com/StagedProducts/Elevation/13/IMG/imgn41w107_13_thumb.jpg,315.32 MB,"[National Elevation Dataset (NED) 1/3 arc-second,National Elevation Dataset (NED)]",USGS NED n41w107 1/3 arc-second 2013 1 x 1 degree IMG,6013750,2017-01-27,2016-11-04,https://www.sciencebase.gov/catalog/item/581d226ce4b08da350d54b71,ScienceBase,2013-01-01
581d2248e4b08da350d54761,1 x 1 degree,gda,"{minY:36.99944444444,minX:-107.0005555556,maxY:38.00055555556,maxX:-105.9994444445}",329759441,0.023035280554539125,IMG,https://prd-tnm.s3.amazonaws.com/StagedProducts/Elevation/13/IMG/n38w107.zip,https://prd-tnm.s3.amazonaws.com/StagedProducts/Elevation/13/IMG/imgn38w107_13_thumb.jpg,314.48 MB,"[National Elevation Dataset (NED) 1/3 arc-second,National Elevation Dataset (NED)]",USGS NED n38w107 1/3 arc-second 2013 1 x 1 degree IMG,6013597,2017-01-27,2016-11-04,https://www.sciencebase.gov/catalog/item/581d2248e4b08da350d54761,ScienceBase,2013-01-01
581d2257e4b08da350d548ef,1 x 1 degree,gda,"{minY:37.99944444444,minX:-107.0005555556,maxY:39.00055555556,maxX:-105.9994444445}",343633666,0.023035280554539125,IMG,https://prd-tnm.s3.amazonaws.com/StagedProducts/Elevation/13/IMG/n39w107.zip,https://prd-tnm.s3.amazonaws.com/StagedProducts/Elevation/13/IMG/imgn39w107_13_thumb.jpg,327.71 MB,"[National Elevation Dataset (NED) 1/3 arc-second,National Elevation Dataset (NED)]",USGS NED n39w107 1/3 arc-second 2013 1 x 1 degree IMG,6013647,2017-01-27,2016-11-04,https://www.sciencebase.gov/catalog/item/581d2257e4b08da350d548ef,ScienceBase,2013-01-01
581d215ce4b08da350d53160,1 x 1 degree,gda,"{minY:38.999444445106,minX:-106.000555555594,maxY:40.0005555554954,maxX:-104.999444445204}",336665530,0.0230352805213914,IMG,https://prd-tnm.s3.amazonaws.com/StagedProducts/Elevation/13/IMG/USGS_NED_13_n40w106_IMG.zip,https://prd-tnm.s3.amazonaws.com/StagedProducts/Elevation/13/IMG/USGS_NED_13_n40w106_IMG_thumb.jpg,321.07 MB,"[National Elevation Dataset (NED) 1/3 arc-second,National Elevation Dataset (NED)]",USGS NED 1/3 arc-second n40w106 1 x 1 degree IMG 2018,11249978,2018-04-11,2016-11-04,https://www.sciencebase.gov/catalog/item/581d215ce4b08da350d53160,ScienceBase,2018-03-28
581d2162e4b08da350d53257,1 x 1 degree,gda,"{minY:39.9994444449061,minX:-106.000555555594,maxY:41.0005555552955,maxX:-104.999444445204}",331910282,0.023035280521391237,IMG,https://prd-tnm.s3.amazonaws.com/StagedProducts/Elevation/13/IMG/USGS_NED_13_n41w106_IMG.zip,https://prd-tnm.s3.amazonaws.com/StagedProducts/Elevation/13/IMG/USGS_NED_13_n41w106_IMG_thumb.jpg,316.53 MB,"[National Elevation Dataset (NED) 1/3 arc-second,National Elevation Dataset (NED)]",USGS NED 1/3 arc-second n41w106 1 x 1 degree IMG 2015,7213977,2017-01-27,2016-11-04,https://www.sciencebase.gov/catalog/item/581d2162e4b08da350d53257,ScienceBase,2015-07-17
5bbecae2e4b0fc368eb382df,1 x 1 degree,gda,"{minY:37.9994444453058,minX:-103.000555555294,maxY:39.0005555556953,maxX:-101.999444444905}",263679844,0.023035280521370802,IMG,https://prd-tnm.s3.amazonaws.com/StagedProducts/Elevation/13/IMG/USGS_NED_13_n39w103_IMG.zip,https://prd-tnm.s3.amazonaws.com/StagedProducts/Elevation/13/IMG/USGS_NED_13_n39w103_IMG_thumb.jpg,251.46 MB,"[National Elevation Dataset (NED) 1/3 arc-second,National Elevation Dataset (NED)]",USGS NED 1/3 arc-second n39w103 1 x 1 degree IMG 2018,12356596,2018-10-17,2018-10-10,https://www.sciencebase.gov/catalog/item/5bbecae2e4b0fc368eb382df,ScienceBase,2018-10-12
59fd3b57e4b0531197b3eac8,1 x 1 degree,gda,"{minY:37.9994444453058,minX:-109.000555554994,maxY:39.0005555556953,maxX:-107.999444444605}",335231921,0.023035280521370476,IMG,https://prd-tnm.s3.amazonaws.com/StagedProducts/Elevation/13/IMG/USGS_NED_13_n39w109_IMG.zip,https://prd-tnm.s3.amazonaws.com/StagedProducts/Elevation/13/IMG/USGS_NED_13_n39w109_IMG_thumb.jpg,319.70 MB,"[National Elevation Dataset (NED) 1/3 arc-second,National Elevation Dataset (NED)]",USGS NED 1/3 arc-second n39w109 1 x 1 degree IMG 2017,10351013,2017-11-03,2017-11-03,https://www.sciencebase.gov/catalog/item/59fd3b57e4b0531197b3eac8,ScienceBase,2017-10-31
5aced9e1e4b0e2c2dd1a6ead,1 x 1 degree,gda,"{minY:38.999444445106,minX:-107.000555555394,maxY:40.0005555554954,maxX:-105.999444445005}",346084098,0.02303528052136851,IMG,https://prd-tnm.s3.amazonaws.com/StagedProducts/Elevation/13/IMG/USGS_NED_13_n40w107_IMG.zip,https://prd-tnm.s3.amazonaws.com/StagedProducts/Elevation/13/IMG/USGS_NED_13_n40w107_IMG_thumb.jpg,330.05 MB,"[National Elevation Dataset (NED) 1/3 arc-second,National Elevation Dataset (NED)]",USGS NED 1/3 arc-second n40w107 1 x 1 degree IMG 2018,11249976,2018-04-11,2018-04-11,https://www.sciencebase.gov/catalog/item/5aced9e1e4b0e2c2dd1a6ead,ScienceBase,2018-03-28
5a552b44e4b01e7be242bc71,1 x 1 degree,gda,"{minY:38.999444445106,minX:-108.000555555194,maxY:40.0005555554954,maxX:-106.999444444805}",343796223,0.02303528052136851,IMG,https://prd-tnm.s3.amazonaws.com/StagedProducts/Elevation/13/IMG/USGS_NED_13_n40w108_IMG.zip,https://prd-tnm.s3.amazonaws.com/StagedProducts/Elevation/13/IMG/USGS_NED_13_n40w108_IMG_thumb.jpg,327.87 MB,"[National Elevation Dataset (NED) 1/3 arc-second,National Elevation Dataset (NED)]",USGS NED 1/3 arc-second n40w108 1 x 1 degree IMG 2018,11249979,2018-04-11,2018-01-09,https://www.sciencebase.gov/catalog/item/5a552b44e4b01e7be242bc71,ScienceBase,2018-03-28
5bbecae9e4b0fc368eb382f2,1 x 1 degree,gda,"{minY:38.999444445106,minX:-103.000555555294,maxY:40.0005555554954,maxX:-101.999444444905}",274248333,0.02303528052136851,IMG,https://prd-tnm.s3.amazonaws.com/StagedProducts/Elevation/13/IMG/USGS_NED_13_n40w103_IMG.zip,https://prd-tnm.s3.amazonaws.com/StagedProducts/Elevation/13/IMG/USGS_NED_13_n40w103_IMG_thumb.jpg,261.54 MB,"[National Elevation Dataset (NED) 1/3 arc-second,National Elevation Dataset (NED)]",USGS NED 1/3 arc-second n40w103 1 x 1 degree IMG 2018,12328792,2018-10-10,2018-10-10,https://www.sciencebase.gov/catalog/item/5bbecae9e4b0fc368eb382f2,ScienceBase,2018-10-09
581d215ce4b08da350d53156,1 x 1 degree,gda,"{minY:38.999444445106,minX:-105.000555554894,maxY:40.0005555554954,maxX:-103.999444444505}",304094519,0.02303528052136851,IMG,https://prd-tnm.s3.amazonaws.com/StagedProducts/Elevation/13/IMG/USGS_NED_13_n40w105_IMG.zip,https://prd-tnm.s3.amazonaws.com/StagedProducts/Elevation/13/IMG/USGS_NED_13_n40w105_IMG_thumb.jpg,290.01 MB,"[National Elevation Dataset (NED) 1/3 arc-second,National Elevation Dataset (NED)]",USGS NED 1/3 arc-second n40w105 1 x 1 degree IMG 2018,11249973,2018-04-11,2016-11-04,https://www.sciencebase.gov/catalog/item/581d215ce4b08da350d53156,ScienceBase,2018-03-28
581d2162e4b08da350d5324d,1 x 1 degree,gda,"{minY:39.9994444449061,minX:-105.000555554894,maxY:41.0005555552955,maxX:-103.999444444505}",271803071,0.023035280521368346,IMG,https://prd-tnm.s3.amazonaws.com/StagedProducts/Elevation/13/IMG/USGS_NED_13_n41w105_IMG.zip,https://prd-tnm.s3.amazonaws.com/StagedProducts/Elevation/13/IMG/USGS_NED_13_n41w105_IMG_thumb.jpg,259.21 MB,"[National Elevation Dataset (NED) 1/3 arc-second,National Elevation Dataset (NED)]",USGS NED 1/3 arc-second n41w105 1 x 1 degree IMG 2015,7213980,2017-01-27,2016-11-04,https://www.sciencebase.gov/catalog/item/581d2162e4b08da350d5324d,ScienceBase,2015-07-17
5aced9e4e4b0e2c2dd1a6ec2,1 x 1 degree,gda,"{minY:39.9994444449061,minX:-108.000555555194,maxY:41.0005555552955,maxX:-106.999444444805}",332442398,0.023035280521368346,IMG,https://prd-tnm.s3.amazonaws.com/StagedProducts/Elevation/13/IMG/USGS_NED_13_n41w108_IMG.zip,https://prd-tnm.s3.amazonaws.com/StagedProducts/Elevation/13/IMG/USGS_NED_13_n41w108_IMG_thumb.jpg,317.04 MB,"[National Elevation Dataset (NED) 1/3 arc-second,National Elevation Dataset (NED)]",USGS NED 1/3 arc-second n41w108 1 x 1 degree IMG 2018,11249977,2018-04-11,2018-04-11,https://www.sciencebase.gov/catalog/item/5aced9e4e4b0e2c2dd1a6ec2,ScienceBase,2018-03-28
581d2161e4b08da350d5323d,1 x 1 degree,gda,"{minY:39.9994444449061,minX:-103.000555555294,maxY:41.0005555552955,maxX:-101.999444444905}",260252345,0.023035280521368346,IMG,https://prd-tnm.s3.amazonaws.com/StagedProducts/Elevation/13/IMG/USGS_NED_13_n41w103_IMG.zip,https://prd-tnm.s3.amazonaws.com/StagedProducts/Elevation/13/IMG/USGS_NED_13_n41w103_IMG_thumb.jpg,248.20 MB,"[National Elevation Dataset (NED) 1/3 arc-second,National Elevation Dataset (NED)]",USGS NED 1/3 arc-second n41w103 1 x 1 degree IMG 2018,12224483,2018-10-10,2016-11-04,https://www.sciencebase.gov/catalog/item/581d2161e4b08da350d5323d,ScienceBase,2018-10-04
5a552b44e4b01e7be242bc73,1 x 1 degree,gda,"{minY:38.999444445106,minX:-109.000555554994,maxY:40.0005555554954,maxX:-107.999444444605}",344056829,0.023035280521368183,IMG,https://prd-tnm.s3.amazonaws.com/StagedProducts/Elevation/13/IMG/USGS_NED_13_n40w109_IMG.zip,https://prd-tnm.s3.amazonaws.com/StagedProducts/Elevation/13/IMG/USGS_NED_13_n40w109_IMG_thumb.jpg,328.12 MB,"[National Elevation Dataset (NED) 1/3 arc-second,National Elevation Dataset (NED)]",USGS NED 1/3 arc-second n40w109 1 x 1 degree IMG 2018,11249975,2018-04-11,2018-01-09,https://www.sciencebase.gov/catalog/item/5a552b44e4b01e7be242bc73,ScienceBase,2018-03-28
581d2161e4b08da350d53247,1 x 1 degree,gda,"{minY:39.9994444449061,minX:-104.000555555094,maxY:41.0005555552955,maxX:-102.999444444705}",282190604,0.02303528052136802,IMG,https://prd-tnm.s3.amazonaws.com/StagedProducts/Elevation/13/IMG/USGS_NED_13_n41w104_IMG.zip,https://prd-tnm.s3.amazonaws.com/StagedProducts/Elevation/13/IMG/USGS_NED_13_n41w104_IMG_thumb.jpg,269.12 MB,"[National Elevation Dataset (NED) 1/3 arc-second,National Elevation Dataset (NED)]",USGS NED 1/3 arc-second n41w104 1 x 1 degree IMG 2015,7122888,2017-01-27,2016-11-04,https://www.sciencebase.gov/catalog/item/581d2161e4b08da350d53247,ScienceBase,2015-06-20
59cf16d9e4b05fe04cc067f9,1 x 1 degree,gda,"{minY:36.9994444446064,minX:-103.000555555294,maxY:38.0005555549957,maxX:-101.999444444905}",272229404,0.023035280521366223,IMG,https://prd-tnm.s3.amazonaws.com/StagedProducts/Elevation/13/IMG/USGS_NED_13_n38w103_IMG.zip,https://prd-tnm.s3.amazonaws.com/StagedProducts/Elevation/13/IMG/USGS_NED_13_n38w103_IMG_thumb.jpg,259.62 MB,"[National Elevation Dataset (NED) 1/3 arc-second,National Elevation Dataset (NED)]",USGS NED 1/3 arc-second n38w103 1 x 1 degree IMG 2017,10174895,2017-09-29,2017-09-29,https://www.sciencebase.gov/catalog/item/59cf16d9e4b05fe04cc067f9,ScienceBase,2017-09-27
58b7bf74e4b01ccd5500b475,1 x 1 degree,gda,"{minY:36.9994444446064,minX:-108.000555555194,maxY:38.0005555549957,maxX:-106.999444444805}",344957338,0.023035280521366223,IMG,https://prd-tnm.s3.amazonaws.com/StagedProducts/Elevation/13/IMG/USGS_NED_13_n38w108_IMG.zip,https://prd-tnm.s3.amazonaws.com/StagedProducts/Elevation/13/IMG/USGS_NED_13_n38w108_IMG_thumb.jpg,328.98 MB,"[National Elevation Dataset (NED) 1/3 arc-second,National Elevation Dataset (NED)]",USGS NED 1/3 arc-second n38w108 1 x 1 degree IMG 2018,11906607,2018-08-10,2017-03-01,https://www.sciencebase.gov/catalog/item/58b7bf74e4b01ccd5500b475,ScienceBase,2018-08-10
58b7bf74e4b01ccd5500b477,1 x 1 degree,gda,"{minY:36.9994444446064,minX:-109.000555554994,maxY:38.0005555549957,maxX:-107.999444444605}",329401117,0.023035280521365897,IMG,https://prd-tnm.s3.amazonaws.com/StagedProducts/Elevation/13/IMG/USGS_NED_13_n38w109_IMG.zip,https://prd-tnm.s3.amazonaws.com/StagedProducts/Elevation/13/IMG/USGS_NED_13_n38w109_IMG_thumb.jpg,314.14 MB,"[National Elevation Dataset (NED) 1/3 arc-second,National Elevation Dataset (NED)]",USGS NED 1/3 arc-second n38w109 1 x 1 degree IMG 2017,8714175,2017-03-01,2017-03-01,https://www.sciencebase.gov/catalog/item/58b7bf74e4b01ccd5500b477,ScienceBase,2017-02-21
5bbecae2e4b0fc368eb382dd,1 x 1 degree,gda,"{minY:37.9994444453059,minX:-102.000555555494,maxY:39.0005555556953,maxX:-100.999444445104}",267981166,0.016157691962085906,IMG,https://prd-tnm.s3.amazonaws.com/StagedProducts/Elevation/13/IMG/USGS_NED_13_n39w102_IMG.zip,https://prd-tnm.s3.amazonaws.com/StagedProducts/Elevation/13/IMG/USGS_NED_13_n39w102_IMG_thumb.jpg,255.57 MB,"[National Elevation Dataset (NED) 1/3 arc-second,National Elevation Dataset (NED)]",USGS NED 1/3 arc-second n39w102 1 x 1 degree IMG 2018,12356598,2018-10-17,2018-10-10,https://www.sciencebase.gov/catalog/item/5bbecae2e4b0fc368eb382dd,ScienceBase,2018-10-12
5bbecae8e4b0fc368eb382ee,1 x 1 degree,gda,"{minY:38.999444445106,minX:-102.000555555494,maxY:40.0005555554954,maxX:-100.999444445104}",291064665,0.016157691962085906,IMG,https://prd-tnm.s3.amazonaws.com/StagedProducts/Elevation/13/IMG/USGS_NED_13_n40w102_IMG.zip,https://prd-tnm.s3.amazonaws.com/StagedProducts/Elevation/13/IMG/USGS_NED_13_n40w102_IMG_thumb.jpg,277.58 MB,"[National Elevation Dataset (NED) 1/3 arc-second,National Elevation Dataset (NED)]",USGS NED 1/3 arc-second n40w102 1 x 1 degree IMG 2018,12356599,2018-10-17,2018-10-10,https://www.sciencebase.gov/catalog/item/5bbecae8e4b0fc368eb382ee,ScienceBase,2018-10-12
59d5ae64e4b05fe04cc53a3b,1 x 1 degree,gda,"{minY:39.9994444449061,minX:-102.000555555494,maxY:41.0005555552955,maxX:-100.999444445104}",276414436,0.01615769196208579,IMG,https://prd-tnm.s3.amazonaws.com/StagedProducts/Elevation/13/IMG/USGS_NED_13_n41w102_IMG.zip,https://prd-tnm.s3.amazonaws.com/StagedProducts/Elevation/13/IMG/USGS_NED_13_n41w102_IMG_thumb.jpg,263.61 MB,"[National Elevation Dataset (NED) 1/3 arc-second,National Elevation Dataset (NED)]",USGS NED 1/3 arc-second n41w102 1 x 1 degree IMG 2018,12224482,2018-10-10,2017-10-04,https://www.sciencebase.gov/catalog/item/59d5ae64e4b05fe04cc53a3b,ScienceBase,2018-10-04
59cf16d8e4b05fe04cc067f4,1 x 1 degree,gda,"{minY:36.9994444446064,minX:-102.000555555494,maxY:38.0005555549957,maxX:-100.999444445104}",275472485,0.016157691962084293,IMG,https://prd-tnm.s3.amazonaws.com/StagedProducts/Elevation/13/IMG/USGS_NED_13_n38w102_IMG.zip,https://prd-tnm.s3.amazonaws.com/StagedProducts/Elevation/13/IMG/USGS_NED_13_n38w102_IMG_thumb.jpg,262.71 MB,"[National Elevation Dataset (NED) 1/3 arc-second,National Elevation Dataset (NED)]",USGS NED 1/3 arc-second n38w102 1 x 1 degree IMG 2017,10174898,2017-09-29,2017-09-29,https://www.sciencebase.gov/catalog/item/59cf16d8e4b05fe04cc067f4,ScienceBase,2017-09-27
59fd3b58e4b0531197b3eacc,1 x 1 degree,gda,"{minY:37.9994444444065,minX:-110.000555555694,maxY:39.0005555556953,maxX:-108.999444444405}",334644210,0.013838599557424149,IMG,https://prd-tnm.s3.amazonaws.com/StagedProducts/Elevation/13/IMG/USGS_NED_13_n39w110_IMG.zip,https://prd-tnm.s3.amazonaws.com/StagedProducts/Elevation/13/IMG/USGS_NED_13_n39w110_IMG_thumb.jpg,319.14 MB,"[National Elevation Dataset (NED) 1/3 arc-second,National Elevation Dataset (NED)]",USGS NED 1/3 arc-second n39w110 1 x 1 degree IMG 2017,10351016,2017-11-03,2017-11-03,https://www.sciencebase.gov/catalog/item/59fd3b58e4b0531197b3eacc,ScienceBase,2017-10-31
581d226ce4b08da350d54b82,1 x 1 degree,gda,"{minY:39.99944444444,minX:-110.0005555556,maxY:41.00055555556,maxX:-108.9994444445}",329939945,0.013838599554314853,IMG,https://prd-tnm.s3.amazonaws.com/StagedProducts/Elevation/13/IMG/n41w110.zip,https://prd-tnm.s3.amazonaws.com/StagedProducts/Elevation/13/IMG/imgn41w110_13_thumb.jpg,314.66 MB,"[National Elevation Dataset (NED) 1/3 arc-second,National Elevation Dataset (NED)]",USGS NED n41w110 1/3 arc-second 2013 1 x 1 degree IMG,6013753,2017-01-27,2016-11-04,https://www.sciencebase.gov/catalog/item/581d226ce4b08da350d54b82,ScienceBase,2013-01-01
581d2248e4b08da350d54775,1 x 1 degree,gda,"{minY:36.99944444444,minX:-110.0005555556,maxY:38.00055555556,maxX:-108.9994444445}",335405509,0.013838599554314853,IMG,https://prd-tnm.s3.amazonaws.com/StagedProducts/Elevation/13/IMG/n38w110.zip,https://prd-tnm.s3.amazonaws.com/StagedProducts/Elevation/13/IMG/imgn38w110_13_thumb.jpg,319.87 MB,"[National Elevation Dataset (NED) 1/3 arc-second,National Elevation Dataset (NED)]",USGS NED n38w110 1/3 arc-second 2013 1 x 1 degree IMG,6013600,2017-01-27,2016-11-04,https://www.sciencebase.gov/catalog/item/581d2248e4b08da350d54775,ScienceBase,2013-01-01
59fd3b58e4b0531197b3ead8,1 x 1 degree,gda,"{minY:38.999444445106,minX:-110.000555555694,maxY:40.0005555554954,maxX:-108.999444445304}",343721747,0.013838599525352404,IMG,https://prd-tnm.s3.amazonaws.com/StagedProducts/Elevation/13/IMG/USGS_NED_13_n40w110_IMG.zip,https://prd-tnm.s3.amazonaws.com/StagedProducts/Elevation/13/IMG/USGS_NED_13_n40w110_IMG_thumb.jpg,327.80 MB,"[National Elevation Dataset (NED) 1/3 arc-second,National Elevation Dataset (NED)]",USGS NED 1/3 arc-second n40w110 1 x 1 degree IMG 2018,11249974,2018-04-11,2017-11-03,https://www.sciencebase.gov/catalog/item/59fd3b58e4b0531197b3ead8,ScienceBase,2018-03-28
581d2239e4b08da350d545c3,1 x 1 degree,gda,"{minY:35.99944444444,minX:-104.0005555556,maxY:37.00055555556,maxX:-102.9994444444}",312747259,0.006566227045202325,IMG,https://prd-tnm.s3.amazonaws.com/StagedProducts/Elevation/13/IMG/n37w104.zip,https://prd-tnm.s3.amazonaws.com/StagedProducts/Elevation/13/IMG/imgn37w104_13_thumb.jpg,298.26 MB,"[National Elevation Dataset (NED) 1/3 arc-second,National Elevation Dataset (NED)]",USGS NED n37w104 1/3 arc-second 2013 1 x 1 degree IMG,6013546,2017-01-27,2016-11-04,https://www.sciencebase.gov/catalog/item/581d2239e4b08da350d545c3,ScienceBase,2013-01-01
58fad55ae4b0c3010a802a99,1 x 1 degree,gda,"{minY:35.9994444448062,minX:-106.000555555594,maxY:37.0005555551956,maxX:-104.999444445204}",322262750,0.006566227035728227,IMG,https://prd-tnm.s3.amazonaws.com/StagedProducts/Elevation/13/IMG/USGS_NED_13_n37w106_IMG.zip,https://prd-tnm.s3.amazonaws.com/StagedProducts/Elevation/13/IMG/USGS_NED_13_n37w106_IMG_thumb.jpg,307.33 MB,"[National Elevation Dataset (NED) 1/3 arc-second,National Elevation Dataset (NED)]",USGS NED 1/3 arc-second n37w106 1 x 1 degree IMG 2018,11659686,2018-06-06,2017-04-21,https://www.sciencebase.gov/catalog/item/58fad55ae4b0c3010a802a99,ScienceBase,2018-06-02
59cf16d8e4b05fe04cc067ed,1 x 1 degree,gda,"{minY:35.9994444448062,minX:-103.000555555294,maxY:37.0005555551956,maxX:-101.999444444905}",245807361,0.006566227035721702,IMG,https://prd-tnm.s3.amazonaws.com/StagedProducts/Elevation/13/IMG/USGS_NED_13_n37w103_IMG.zip,https://prd-tnm.s3.amazonaws.com/StagedProducts/Elevation/13/IMG/USGS_NED_13_n37w103_IMG_thumb.jpg,234.42 MB,"[National Elevation Dataset (NED) 1/3 arc-second,National Elevation Dataset (NED)]",USGS NED 1/3 arc-second n37w103 1 x 1 degree IMG 2017,10174896,2017-09-29,2017-09-29,https://www.sciencebase.gov/catalog/item/59cf16d8e4b05fe04cc067ed,ScienceBase,2017-09-27
5b121808e4b092d9651bb527,1 x 1 degree,gda,"{minY:35.9994444448062,minX:-105.000555554894,maxY:37.0005555551956,maxX:-103.999444444505}",306580860,0.006566227035721702,IMG,https://prd-tnm.s3.amazonaws.com/StagedProducts/Elevation/13/IMG/USGS_NED_13_n37w105_IMG.zip,https://prd-tnm.s3.amazonaws.com/StagedProducts/Elevation/13/IMG/USGS_NED_13_n37w105_IMG_thumb.jpg,292.38 MB,"[National Elevation Dataset (NED) 1/3 arc-second,National Elevation Dataset (NED)]",USGS NED 1/3 arc-second n37w105 1 x 1 degree IMG 2018,11633145,2018-06-01,2018-06-01,https://www.sciencebase.gov/catalog/item/5b121808e4b092d9651bb527,ScienceBase,2018-05-25
58b7bf70e4b01ccd5500b465,1 x 1 degree,gda,"{minY:35.9994444448062,minX:-108.000555555194,maxY:37.0005555551956,maxX:-106.999444444805}",316645799,0.006566227035721702,IMG,https://prd-tnm.s3.amazonaws.com/StagedProducts/Elevation/13/IMG/USGS_NED_13_n37w108_IMG.zip,https://prd-tnm.s3.amazonaws.com/StagedProducts/Elevation/13/IMG/USGS_NED_13_n37w108_IMG_thumb.jpg,301.98 MB,"[National Elevation Dataset (NED) 1/3 arc-second,National Elevation Dataset (NED)]",USGS NED 1/3 arc-second n37w108 1 x 1 degree IMG 2018,11618992,2018-05-25,2017-03-01,https://www.sciencebase.gov/catalog/item/58b7bf70e4b01ccd5500b465,ScienceBase,2018-05-22
58fad55ae4b0c3010a802a9c,1 x 1 degree,gda,"{minY:35.9994444448062,minX:-107.000555555394,maxY:37.0005555551956,maxX:-105.999444445005}",326926801,0.006566227035721702,IMG,https://prd-tnm.s3.amazonaws.com/StagedProducts/Elevation/13/IMG/USGS_NED_13_n37w107_IMG.zip,https://prd-tnm.s3.amazonaws.com/StagedProducts/Elevation/13/IMG/USGS_NED_13_n37w107_IMG_thumb.jpg,311.78 MB,"[National Elevation Dataset (NED) 1/3 arc-second,National Elevation Dataset (NED)]",USGS NED 1/3 arc-second n37w107 1 x 1 degree IMG 2018,11659688,2018-06-06,2017-04-21,https://www.sciencebase.gov/catalog/item/58fad55ae4b0c3010a802a9c,ScienceBase,2018-06-02
58b7bf74e4b01ccd5500b473,1 x 1 degree,gda,"{minY:35.9994444448062,minX:-109.000555554994,maxY:37.0005555551956,maxX:-107.999444444605}",305727228,0.006566227035721611,IMG,https://prd-tnm.s3.amazonaws.com/StagedProducts/Elevation/13/IMG/USGS_NED_13_n37w109_IMG.zip,https://prd-tnm.s3.amazonaws.com/StagedProducts/Elevation/13/IMG/USGS_NED_13_n37w109_IMG_thumb.jpg,291.56 MB,"[National Elevation Dataset (NED) 1/3 arc-second,National Elevation Dataset (NED)]",USGS NED 1/3 arc-second n37w109 1 x 1 degree IMG 2017,8714178,2017-03-01,2017-03-01,https://www.sciencebase.gov/catalog/item/58b7bf74e4b01ccd5500b473,ScienceBase,2017-02-21
581d2279e4b08da350d54d20,1 x 1 degree,gda,"{minY:40.99944444444,minX:-106.0005555556,maxY:42.00055555556,maxX:-104.9994444445}",303812084,0.006165010550398939,IMG,https://prd-tnm.s3.amazonaws.com/StagedProducts/Elevation/13/IMG/n42w106.zip,https://prd-tnm.s3.amazonaws.com/StagedProducts/Elevation/13/IMG/imgn42w106_13_thumb.jpg,289.74 MB,"[National Elevation Dataset (NED) 1/3 arc-second,National Elevation Dataset (NED)]",USGS NED n42w106 1/3 arc-second 2013 1 x 1 degree IMG,6013805,2017-01-27,2016-11-04,https://www.sciencebase.gov/catalog/item/581d2279e4b08da350d54d20,ScienceBase,2013-01-01
581d2279e4b08da350d54d2e,1 x 1 degree,gda,"{minY:40.99944444444,minX:-109.0005555556,maxY:42.00055555556,maxX:-107.9994444445}",301905949,0.006165010550398939,IMG,https://prd-tnm.s3.amazonaws.com/StagedProducts/Elevation/13/IMG/n42w109.zip,https://prd-tnm.s3.amazonaws.com/StagedProducts/Elevation/13/IMG/imgn42w109_13_thumb.jpg,287.92 MB,"[National Elevation Dataset (NED) 1/3 arc-second,National Elevation Dataset (NED)]",USGS NED n42w109 1/3 arc-second 2013 1 x 1 degree IMG,6013808,2017-01-27,2016-11-04,https://www.sciencebase.gov/catalog/item/581d2279e4b08da350d54d2e,ScienceBase,2013-01-01
5aa9efdee4b09e9cadb5b4b9,1 x 1 degree,gda,"{minY:40.9994444447063,minX:-108.000555555194,maxY:42.0005555550957,maxX:-106.999444444805}",299721747,0.006165010544179782,IMG,https://prd-tnm.s3.amazonaws.com/StagedProducts/Elevation/13/IMG/USGS_NED_13_n42w108_IMG.zip,https://prd-tnm.s3.amazonaws.com/StagedProducts/Elevation/13/IMG/USGS_NED_13_n42w108_IMG_thumb.jpg,285.84 MB,"[National Elevation Dataset (NED) 1/3 arc-second,National Elevation Dataset (NED)]",USGS NED 1/3 arc-second n42w108 1 x 1 degree IMG 2018,11128859,2018-03-14,2018-03-14,https://www.sciencebase.gov/catalog/item/5aa9efdee4b09e9cadb5b4b9,ScienceBase,2018-03-13
59e8235be4b05fe04cd3a631,1 x 1 degree,gda,"{minY:40.9994444447063,minX:-105.000555554894,maxY:42.0005555550957,maxX:-103.999444444505}",288570865,0.006165010544179782,IMG,https://prd-tnm.s3.amazonaws.com/StagedProducts/Elevation/13/IMG/USGS_NED_13_n42w105_IMG.zip,https://prd-tnm.s3.amazonaws.com/StagedProducts/Elevation/13/IMG/USGS_NED_13_n42w105_IMG_thumb.jpg,275.20 MB,"[National Elevation Dataset (NED) 1/3 arc-second,National Elevation Dataset (NED)]",USGS NED 1/3 arc-second n42w105 1 x 1 degree IMG 2017,10266797,2017-10-18,2017-10-18,https://www.sciencebase.gov/catalog/item/59e8235be4b05fe04cd3a631,ScienceBase,2017-10-10
5aa9efdee4b09e9cadb5b4b5,1 x 1 degree,gda,"{minY:40.9994444447063,minX:-107.000555555394,maxY:42.0005555550957,maxX:-105.999444445005}",307773443,0.006165010544179782,IMG,https://prd-tnm.s3.amazonaws.com/StagedProducts/Elevation/13/IMG/USGS_NED_13_n42w107_IMG.zip,https://prd-tnm.s3.amazonaws.com/StagedProducts/Elevation/13/IMG/USGS_NED_13_n42w107_IMG_thumb.jpg,293.52 MB,"[National Elevation Dataset (NED) 1/3 arc-second,National Elevation Dataset (NED)]",USGS NED 1/3 arc-second n42w107 1 x 1 degree IMG 2018,11128860,2018-03-14,2018-03-14,https://www.sciencebase.gov/catalog/item/5aa9efdee4b09e9cadb5b4b5,ScienceBase,2018-03-13
581d216ce4b08da350d53306,1 x 1 degree,gda,"{minY:40.9994444447063,minX:-103.000555555294,maxY:42.0005555550957,maxX:-101.999444444905}",272360890,0.006165010544179782,IMG,https://prd-tnm.s3.amazonaws.com/StagedProducts/Elevation/13/IMG/USGS_NED_13_n42w103_IMG.zip,https://prd-tnm.s3.amazonaws.com/StagedProducts/Elevation/13/IMG/USGS_NED_13_n42w103_IMG_thumb.jpg,259.74 MB,"[National Elevation Dataset (NED) 1/3 arc-second,National Elevation Dataset (NED)]",USGS NED 1/3 arc-second n42w103 1 x 1 degree IMG 2018,12490837,2018-12-06,2016-11-04,https://www.sciencebase.gov/catalog/item/581d216ce4b08da350d53306,ScienceBase,2018-11-30
59e8235ae4b05fe04cd3a62d,1 x 1 degree,gda,"{minY:40.9994444447063,minX:-104.000555555094,maxY:42.0005555550957,maxX:-102.999444444705}",282354596,0.0061650105441796955,IMG,https://prd-tnm.s3.amazonaws.com/StagedProducts/Elevation/13/IMG/USGS_NED_13_n42w104_IMG.zip,https://prd-tnm.s3.amazonaws.com/StagedProducts/Elevation/13/IMG/USGS_NED_13_n42w104_IMG_thumb.jpg,269.27 MB,"[National Elevation Dataset (NED) 1/3 arc-second,National Elevation Dataset (NED)]",USGS NED 1/3 arc-second n42w104 1 x 1 degree IMG 2017,10266802,2017-10-18,2017-10-18,https://www.sciencebase.gov/catalog/item/59e8235ae4b05fe04cd3a62d,ScienceBase,2017-10-10
59cf16d8e4b05fe04cc067e9,1 x 1 degree,gda,"{minY:35.9994444448062,minX:-102.000555555494,maxY:37.0005555551956,maxX:-100.999444445104}",257324749,0.004605764349077207,IMG,https://prd-tnm.s3.amazonaws.com/StagedProducts/Elevation/13/IMG/USGS_NED_13_n37w102_IMG.zip,https://prd-tnm.s3.amazonaws.com/StagedProducts/Elevation/13/IMG/USGS_NED_13_n37w102_IMG_thumb.jpg,245.40 MB,"[National Elevation Dataset (NED) 1/3 arc-second,National Elevation Dataset (NED)]",USGS NED 1/3 arc-second n37w102 1 x 1 degree IMG 2017,10174897,2017-09-29,2017-09-29,https://www.sciencebase.gov/catalog/item/59cf16d8e4b05fe04cc067e9,ScienceBase,2017-09-27
59d5ae64e4b05fe04cc53a48,1 x 1 degree,gda,"{minY:40.9994444447063,minX:-102.000555555494,maxY:42.0005555550957,maxX:-100.999444445104}",307044514,0.004324338104911025,IMG,https://prd-tnm.s3.amazonaws.com/StagedProducts/Elevation/13/IMG/USGS_NED_13_n42w102_IMG.zip,https://prd-tnm.s3.amazonaws.com/StagedProducts/Elevation/13/IMG/USGS_NED_13_n42w102_IMG_thumb.jpg,292.82 MB,"[National Elevation Dataset (NED) 1/3 arc-second,National Elevation Dataset (NED)]",USGS NED 1/3 arc-second n42w102 1 x 1 degree IMG 2018,12490838,2018-12-06,2017-10-04,https://www.sciencebase.gov/catalog/item/59d5ae64e4b05fe04cc53a48,ScienceBase,2018-11-30
581d223ae4b08da350d545e6,1 x 1 degree,gda,"{minY:35.99944444444,minX:-110.0005555556,maxY:37.00055555556,maxX:-108.9994444445}",313662506,0.003944705011820864,IMG,https://prd-tnm.s3.amazonaws.com/StagedProducts/Elevation/13/IMG/n37w110.zip,https://prd-tnm.s3.amazonaws.com/StagedProducts/Elevation/13/IMG/imgn37w110_13_thumb.jpg,299.13 MB,"[National Elevation Dataset (NED) 1/3 arc-second,National Elevation Dataset (NED)]",USGS NED n37w110 1/3 arc-second 2013 1 x 1 degree IMG,6013552,2017-01-27,2016-11-04,https://www.sciencebase.gov/catalog/item/581d223ae4b08da350d545e6,ScienceBase,2013-01-01
581d2279e4b08da350d54d34,1 x 1 degree,gda,"{minY:40.99944444444,minX:-110.0005555556,maxY:42.00055555556,maxX:-108.9994444445}",312687719,0.003703671507412385,IMG,https://prd-tnm.s3.amazonaws.com/StagedProducts/Elevation/13/IMG/n42w110.zip,https://prd-tnm.s3.amazonaws.com/StagedProducts/Elevation/13/IMG/imgn42w110_13_thumb.jpg,298.20 MB,"[National Elevation Dataset (NED) 1/3 arc-second,National Elevation Dataset (NED)]",USGS NED n42w110 1/3 arc-second 2013 1 x 1 degree IMG,6013809,2017-01-27,2016-11-04,https://www.sciencebase.gov/catalog/item/581d2279e4b08da350d54d34,ScienceBase,2013-01-01

